{
    "anchorpoints": [],
    "portpins": [
        {
            "name": "1",
            "position": [
                20.0,
                7.500000000000027,
                1090.0
            ],
            "rotation": [
                -1.0,
                -5.218048215738236e-15,
                0.0,
                -5.218048215738236e-15,
                1.0,
                0.0,
                -0.0,
                0.0,
                -1.0
            ]
        }
    ],
    "version": 7
}