{
    "anchorpoints": [],
    "portpins": [
        {
            "name": "1",
            "position": [
                20.0,
                -3082.03643762693,
                -41.199230835278655
            ],
            "rotation": [
                -1.0,
                0.0,
                0.0,
                0.0,
                1.0,
                0.0,
                0.0,
                0.0,
                -1.0
            ]
        },
        {
            "name": "2",
            "position": [
                -19.999999999999865,
                3118.019484660535,
                -46.05339059327562
            ],
            "rotation": [
                -1.0,
                0.0,
                0.0,
                0.0,
                1.0,
                0.0,
                0.0,
                0.0,
                -1.0
            ]
        }
    ],
    "version": 7
}